turbulence_bin,return
high,0.0008465329334775654
low,4.5713836580933353e-05
medium,-0.00014965653819093517
