{
    "learning_rate": 0.00024748430709408656,
    "gamma": 0.9059127805773255,
    "ent_coef": 0.002497467173355295,
    "n_steps": 128
}