{
    "learning_rate": 3.105335814861634e-05,
    "gamma": 0.9808145812362419,
    "ent_coef": 0.00023474977863315757,
    "n_steps": 128
}