{
    "learning_rate": 1.3575277728743006e-05,
    "gamma": 0.9951611415999558,
    "ent_coef": 2.9425153731115703e-06,
    "n_steps": 128
}