{
    "learning_rate": 3.571124102615845e-05,
    "gamma": 0.9975646320917273,
    "ent_coef": 2.5036456369785318e-05,
    "n_steps": 256
}