{
    "learning_rate": 6.521490192554121e-05,
    "gamma": 0.9332012643665162,
    "ent_coef": 4.053861348529222e-05,
    "n_steps": 64
}