{
    "learning_rate": 0.00011104357457415143,
    "gamma": 0.9840885093304689,
    "ent_coef": 1.6350519013460405e-07,
    "n_steps": 64
}