{
    "learning_rate": 0.00044206219258000827,
    "gamma": 0.9492492153893055,
    "ent_coef": 0.0006077583747534099,
    "n_steps": 128
}