{
    "learning_rate": 0.00014093202597330817,
    "gamma": 0.9282157493219877,
    "ent_coef": 1.6589505751641909e-07,
    "n_steps": 64
}