learning_rate,gamma,ent_coef,n_steps,value,number
1.3575277728743006e-05,0.9951611415999558,2.9425153731115703e-06,128,17.76741120236329,0
1.7975109779665904e-05,0.9101480402467116,0.00011064387667142692,512,9.514988428905781,1
0.00020230699856349027,0.9029643544639407,3.413131796631369e-05,256,4.576128823377076,2
0.00015684992049463898,0.9414583621703121,1.6412295474398375e-05,128,4.576128823377076,3
1.2439013630570574e-05,0.9737152275417292,7.006736039748336e-06,512,15.680659752008069,4
9.086724786479918e-05,0.913764147206816,7.071385789861048e-05,128,4.576128823377076,5
0.00010175249769547054,0.9176487281722582,1.2758510137868634e-08,64,0.0,6
0.0009004754681573908,0.9685383437386518,9.919897868248769e-08,64,4.576128823377076,7
0.00033709436048817547,0.994565691527382,1.1608735631721173e-07,64,0.0,8
5.621984402576092e-05,0.9930327427055965,0.002472009572611299,512,4.576128823377076,9
