learning_rate,gamma,ent_coef,n_steps,value,number
0.00014093202597330817,0.9282157493219877,1.6589505751641909e-07,64,4.576128823377076,0
0.00013144097803706188,0.9611749337800086,4.536310462371452e-05,512,4.576128823377076,1
7.365993584017263e-05,0.9033718793921679,5.685358922071623e-08,256,4.576128823377076,2
0.00045915150131516146,0.9954526188614692,2.9234895605460045e-07,256,0.0,3
0.00019823251487013948,0.9618648148567237,3.960622107121556e-07,512,4.576128823377076,4
0.00017627887754816164,0.9109738110426484,3.845935930693513e-06,64,4.576128823377076,5
3.6036425385938475e-05,0.9220015119769914,1.639223071148084e-07,128,4.576128823377076,6
0.0007008885763065528,0.9195998837210422,5.513242541223543e-08,64,0.0,7
0.000920730437926414,0.9707559497120197,7.498088935635315e-05,64,0.0,8
9.219077520291981e-05,0.9284147689885687,1.1629344866043009e-05,256,4.576128823377076,9
