learning_rate,gamma,ent_coef,n_steps,value,number
0.0007657750289071571,0.9515315215645184,1.0706926267896881e-08,512,12.599322778405622,0
2.6832644584207668e-05,0.9887672092561824,2.543358688394066e-06,128,9.635809400118887,1
1.1688388198259102e-05,0.9509337463988747,1.3990647571415834e-07,64,7.143980896100402,2
1.4532877920536703e-05,0.9853758701725983,0.0037086119403580537,256,16.238653193227947,3
